{
    // Use IntelliSense to learn about possible attributes.
    // Hover to view descriptions of existing attributes.
    // For more information, visit: https://go.microsoft.com/fwlink/?linkid=830387
    "version": "0.2.0",
    "configurations": [
        {
            "name": "clang++ build active file",
            "type": "cppdbg",
            "request": "launch",
            "targetArchitecture": "x86_64",
            "program": "${workspaceFolder}/.build/${fileBasenameNoExtension}", 
            //"${fileDirname}/${fileBasenameNoExtension}",
            "args": [],
            "stopAtEntry": false,
            "cwd": "${workspaceFolder}",
            "environment": [],
            "externalConsole": false,
            "MIMode": "lldb",
            "preLaunchTask": "clang++ build active file",
            "internalConsoleOptions": "openOnSessionStart",
            "logging": { 
                "moduleLoad": false, 
                // "engineLogging": false, 
                // "trace": false,
                // "exceptions": false,
                // "programOutput": true,
                // "traceResponse": false
              },
              "showDisplayString": false, 
        }
    ]
}