{
	"version": "2.0.0",
	"tasks": [
		{
			"type": "shell",
			"label": "C/C++: clang build active file",
			"command": "/usr/bin/clang",
			"args": [
				"-std=c++11",
			  "-stdlib=libc++",
			  "-g",
			  "${file}",
			  "-o",
			  "${fileDirname}/${fileBasenameNoExtension}"
			],
			"options": {
				"cwd": "/usr/bin"
			},
			"problemMatcher": [
				"$gcc"
			],
			"group": "build"
		},
		{
			"type": "shell",
			"label": "C/C++: clang build active file",
			"command": "/usr/bin/clang",
			"args": [
				"-std=c++11",
			  "-stdlib=libc++",
			//   "-g",
			  "${file}",
			  "-o",
			  "${fileDirname}/${fileBasenameNoExtension}"
			],
			"options": {
				"cwd": "/usr/bin"
			},
			"problemMatcher": [
				"$gcc"
			],
			"group": "build"
		},
		{
			"type": "cppbuild",
			"label": "C/C++: clang 生成活动文件",
			"command": "/usr/bin/clang",
			"args": [
				"-std=c++11",
			  "-stdlib=libc++",
			//   "-g",
			  "${file}",
			  "-o",
			  "${fileDirname}/${fileBasenameNoExtension}"
			],
			"options": {
				"cwd": "${workspaceFolder}"
			},
			"problemMatcher": [
				"$gcc"
			],
			"group": {
				"kind": "build",
				"isDefault": true
			},
			"detail": "编译器: /usr/bin/clang"
		},
		{
			"type": "shell",
			"label": "clang++ build active file",
			"command": "/usr/bin/clang++",
			"args": [
			  "-std=c++11",
			  "-stdlib=libc++",
			  "-g",
			//   "${fileDirname}/*.cpp",
			  "${file}",
			  "-o",
			  "${workspaceFolder}/.build/${fileBasenameNoExtension}"
			],
			"options": {
			  "cwd": "${workspaceFolder}"
			},
			"problemMatcher": ["$gcc"],
			"group": {
			  "kind": "build",
			  "isDefault": true
			}
		  }
	]
}